id;customer_id;company;address;city;state
1;Assistant;Market;program payment User-friendly;East Shaniaburgh;index
2;auxiliary experiences;Sahara;Kong deposit;Retaview;Ball full-range
3;mobile Direct Villages;Administrator Progressive extranet;bypass California Spurs;Elk Grove;database multi-byte deposit
4;violet Licensed Kids;Peso;synthesize Lilangeni initiatives;Port Chris;benchmark invoice Tuna
5;Loan Rhode;Omani;Rustic Re-engineered;Lake Carleemouth;Berkshire
6;Georgia;override;deposit Horizontal;Newton;Cliff Metrics
7;redefine;overriding Cotton;approach matrix Shoes;Cypress;Japan multi-tasking Concrete
8;Fall;International;Electronics;Brekketown;virtual Account silver
9;Tala Kids Open-source;Intranet New Human;deposit haptic Dynamic;Susanaside;system-worthy
10;Global scale Jewelery;bypass Frozen;Carolina;Myrnachester;synthesizing Wisconsin Gorgeous
